"Date","Received Quantity","Received Currency","Sent Quantity","Sent Currency","Fee Amount","Fee Currency","Tag"
"09/26/2023 19:09:23","56.61791000","USDT","","","","",""
"09/27/2023 09:39:01","0.00210000000000000000","BTC","55.18254000000000000000","USDT","0.02759127","USDT",""
"09/27/2023 14:18:01","111.66540000000000000000","USDT","0.00420000000000000000","BTC","0.05583271","USDT",""
"09/27/2023 16:00:04","0.000728334016284","USDT","","","0","",""
"09/28/2023 00:00:04","0.00156378327","USDT","","","0","",""
"09/28/2023 00:23:01","0.00630000000000000000","BTC","167.57727000000000000000","USDT","0.08378864","USDT",""
"09/28/2023 16:00:06","0.002795035647768","USDT","","","0","",""
"09/28/2023 18:45:28","111.96318000000000000000","USDT","0.00420000000000000000","BTC","0.05598160","USDT",""
"09/29/2023 07:09:01","0.00840000000000000000","BTC","226.70760000000000000000","USDT","0.11335380","USDT",""
"09/29/2023 08:00:07","0.004704889891842","USDT","","","0","",""
"09/29/2023 14:19:02","225.96294000000000000000","USDT","0.00840000000000000000","BTC","0.11298147","USDT",""
"09/30/2023 10:20:01","0.01640000000000000000","BTC","442.42813000000000000000","USDT","0.22121407","USDT",""
"09/30/2023 14:03:41","329.02709900","USDT","","","","",""
"09/30/2023 15:38:49","190.24500000000000000000","USDT","33.20000000000000000000","FXS","0.09512250","USDT",""
"09/30/2023 16:00:06","0.01919250168","USDT","","","0","",""
"09/30/2023 21:46:01","552.89976000000000000000","USDT","0.02050000000000000000","BTC","0.27644989","USDT",""
"10/01/2023 00:00:06","0.002062734295575","USDT","","","0","",""
"10/01/2023 00:00:07","0.00690839853754008","USDT","","","0","",""
"10/01/2023 01:28:47","0.00410000000000000000","BTC","110.73403000000000000000","USDT","0.05536702","USDT",""
"10/01/2023 08:00:01","0.01850236","USDT","","","0","",""
"10/01/2023 08:44:56","33.20000000000000000000","FXS","185.81310000000000000000","USDT","0.09290655","USDT",""
"10/02/2023 00:00:06","0.02710000000000000000","BTC","759.47700000000000000000","USDT","0.37973851","USDT",""
"10/02/2023 08:00:07","","","0.00523426454112","USDT","0","",""
"10/02/2023 21:57:01","191.70410000000000000000","USDT","0.00700000000000000000","BTC","0.09585205","USDT",""
"10/02/2023 22:12:01","757.98941000000000000000","USDT","0.02710000000000000000","BTC","0.37899471","USDT",""
"10/03/2023 00:00:02","0.01322785377251352","USDT","","","0","",""
"10/03/2023 06:46:01","0.00700000000000000000","BTC","193.35400000000000000000","USDT","0.09667700","USDT",""
"10/03/2023 12:17:01","186.40048000000000000000","USDT","0.00680000000000000000","BTC","0.09320024","USDT",""
"10/03/2023 16:00:03","0.002878235303136","USDT","","","0","",""
"10/04/2023 00:00:04","0.01342494104190762","USDT","","","0","",""
"10/04/2023 08:00:06","0.010654057120256","USDT","","","0","",""
"10/04/2023 08:38:01","0.02020000000000000000","BTC","555.76242000000000000000","USDT","0.27788121","USDT",""
"10/04/2023 09:08:59","0.00680000000000000000","BTC","187.16184000000000000000","USDT","0.09358092","USDT",""
"10/04/2023 10:27:45","187.15368000000000000000","USDT","0.00680000000000000000","BTC","0.09357684","USDT",""
"10/04/2023 14:21:03","366.81629000000000000000","USDT","0.01340000000000000000","BTC","0.18340815","USDT",""
"10/04/2023 16:00:04","","","0.004544496914492435","USDT","0","",""
"10/05/2023 13:15:30","0.00660000000000000000","BTC","184.39542000000000000000","USDT","0.09219771","USDT",""
"10/05/2023 15:32:24","184.70052000000000000000","USDT","0.11400000000000000000","ETH","0.09235026","USDT",""
"10/05/2023 15:36:58","359.91391000000000000000","USDT","0.01310000000000000000","BTC","0.17995696","USDT",""
"10/05/2023 16:00:07","0.005853879889241076","USDT","","","0","",""
"10/05/2023 16:00:07","","","0.002692900594213245","USDT","0","",""
"10/06/2023 00:00:06","0.018367908","USDT","","","0","",""
"10/06/2023 00:00:07","0.0002761279248","USDT","","","0","",""
"10/06/2023 08:00:05","0.004285099964145","USDT","","","0","",""
"10/06/2023 08:00:07","0.016727976838704","USDT","","","0","",""
"10/06/2023 12:58:30","0.02620000000000000000","BTC","726.93475000000000000000","USDT","0.36346738","USDT",""
"10/06/2023 16:00:04","0.01197873984648","USDT","","","0","",""
"10/06/2023 16:00:06","0.00725003801266745","USDT","","","0","",""
"10/06/2023 19:25:56","0.22100000000000000000","ETH","365.39988000000000000000","USDT","0.18269994","USDT",""
"10/06/2023 21:39:09","367.06472000000000000000","USDT","0.01310000000000000000","BTC","0.18353236","USDT",""
"10/07/2023 00:00:05","","","0.015020658899470011","USDT","0","",""
"10/07/2023 00:00:06","","","0.00272407822190097","USDT","0","",""
"10/07/2023 08:00:06","","","0.002052432586512","USDT","0","",""
"10/07/2023 08:00:08","","","0.009446134837358","USDT","0","",""
"10/07/2023 16:00:04","","","0.0044604823900428","USDT","0","",""
"10/07/2023 16:00:07","","","0.006255803548789","USDT","0","",""
"10/08/2023 00:00:05","0.000754609562982","USDT","","","0","",""
"10/08/2023 00:00:07","","","0.013510226852199","USDT","0","",""
"10/08/2023 08:00:04","","","0.016271723638352","USDT","0","",""
"10/08/2023 08:00:07","","","0.00077641805492097","USDT","0","",""
"10/08/2023 09:44:00","342.54037000000000000000","USDT","0.21100000000000000000","ETH","0.17127019","USDT",""
"10/08/2023 10:48:08","363.99069000000000000000","USDT","0.01310000000000000000","BTC","0.18199535","USDT",""
"10/08/2023 16:00:04","0.0143986585756","USDT","","","0","",""
"10/08/2023 16:00:06","0.011021570994525","USDT","","","0","",""
"10/09/2023 00:00:05","0.016974484696","USDT","","","0","",""
"10/09/2023 00:00:06","0.009946283497469319","USDT","","","0","",""
"10/09/2023 08:00:04","0.00545088607596","USDT","","","0","",""
"10/09/2023 08:00:06","0.010128495312","USDT","","","0","",""
"10/09/2023 09:49:18","0.55700000000000000000","ETH","878.97525000000000000000","USDT","0.43948764","USDT",""
"10/09/2023 09:49:55","0.02660000000000000000","BTC","731.80004000000000000000","USDT","0.36590002","USDT",""
"10/09/2023 16:00:03","0.003421571040186","USDT","","","0","",""
"10/09/2023 16:00:05","0.010936365524304","USDT","","","0","",""
"10/09/2023 16:44:03","715.17316000000000000000","USDT","0.45300000000000000000","ETH","0.35758658","USDT",""
"10/09/2023 18:31:17","367.47766000000000000000","USDT","0.01330000000000000000","BTC","0.18373883","USDT",""
"10/10/2023 00:00:04","","","0.01124296924128","USDT","0","",""
"10/10/2023 03:07:02","0.11200000000000000000","ETH","177.65776000000000000000","USDT","0.08882888","USDT",""
"10/10/2023 08:00:05","","","0.010520414995014848","USDT","0","",""
"10/10/2023 08:00:06","","","0.003216304031909094","USDT","0","",""
"10/10/2023 16:00:05","","","0.007267448406288","USDT","0","",""
"10/10/2023 16:00:06","","","0.00732441485556","USDT","0","",""
"10/10/2023 16:23:37","185.83720000000000000000","USDT","0.00680000000000000000","BTC","0.09291860","USDT",""
"10/10/2023 20:45:47","173.85200000000000000000","USDT","0.11200000000000000000","ETH","0.08692600","USDT",""
"10/10/2023 21:24:01","0.00670000000000000000","BTC","183.84130000000000000000","USDT","0.09192065","USDT",""
"10/11/2023 00:00:06","","","0.009254504156436","USDT","0","",""
"10/11/2023 02:38:01","170.46150000000000000000","USDT","0.11000000000000000000","ETH","0.08523075","USDT",""
"10/11/2023 08:00:02","0.00840387253988502","USDT","","","0","",""
"10/11/2023 08:00:04","0.012416451845226","USDT","","","0","",""
"10/11/2023 15:27:35","0.01360000000000000000","BTC","362.92088000000000000000","USDT","0.18146044","USDT",""
"10/11/2023 16:00:03","0.00886556654854178","USDT","","","0","",""
"10/11/2023 16:00:05","0.012364328334012106","USDT","","","0","",""
"10/11/2023 17:09:14","548.64311000000000000000","USDT","0.02030000000000000000","BTC","0.27432156","USDT",""
"10/12/2023 00:00:05","0.01043473937591998","USDT","","","0","",""
"10/12/2023 08:00:04","0.00193011526125","USDT","","","0","",""
"10/12/2023 16:00:05","0.01071887131425","USDT","","","0","",""
"10/12/2023 16:26:20","0.11000000000000000000","ETH","168.21750000000000000000","USDT","0.08410875","USDT",""
"10/12/2023 17:09:01","173.67216000000000000000","USDT","0.11400000000000000000","ETH","0.08683608","USDT",""
"10/13/2023 00:00:06","0.00410724073150875","USDT","","","0","",""
"10/13/2023 07:32:18","0.33100000000000000000","ETH","515.41917000000000000000","USDT","0.25770959","USDT",""
"10/13/2023 08:00:06","","","0.004656631255220124","USDT","0","",""
"10/13/2023 16:00:05","","","0.00408656446635528","USDT","0","",""
"10/13/2023 20:55:02","0.00690000000000000000","BTC","185.96416000000000000000","USDT","0.09298208","USDT",""
"10/13/2023 21:01:50","169.50600000000000000000","USDT","0.10800000000000000000","ETH","0.08475300","USDT",""
"10/14/2023 00:00:05","","","0.00667115769258","USDT","0","",""
"10/14/2023 00:00:07","","","0.002897873650437","USDT","0","",""
"10/14/2023 08:00:05","","","0.007387154530713309","USDT","0","",""
"10/14/2023 08:00:07","","","0.001163284707816","USDT","0","",""
"10/14/2023 16:00:06","","","0.012908164610642","USDT","0","",""
"10/14/2023 16:00:07","","","0.007515937044127418","USDT","0","",""
"10/15/2023 00:00:04","0.002899232811245022","USDT","","","0","",""
"10/15/2023 00:00:07","","","0.01302491851997265","USDT","0","",""
"10/15/2023 08:00:04","","","0.007111963900132166","USDT","0","",""
"10/15/2023 08:00:07","","","0.009769161528952","USDT","0","",""
"10/15/2023 16:00:05","","","0.004458008844520539","USDT","0","",""
"10/15/2023 16:00:07","","","0.006693354288892765","USDT","0","",""
"10/15/2023 20:41:52","187.40400000000000000000","USDT","0.00690000000000000000","BTC","0.09370200","USDT",""
"10/16/2023 00:00:07","","","0.010656665786616","USDT","0","",""
"10/16/2023 05:17:00","0.05540000000000000000","BTC","1594.65030000000000000000","USDT","0.79732518","USDT",""
"10/16/2023 05:30:35","0.33200000000000000000","ETH","535.01273000000000000000","USDT","0.26750637","USDT",""
"10/16/2023 08:00:05","0.003243827454003","USDT","","","0","",""
"10/16/2023 08:00:07","","","0.00735978113068","USDT","0","",""
"10/16/2023 13:42:19","707.93804000000000000000","USDT","0.44100000000000000000","ETH","0.35396902","USDT",""
"10/16/2023 16:00:05","","","0.00164278637698","USDT","0","",""
"10/16/2023 17:56:50","1597.39433000000000000000","USDT","0.05540000000000000000","BTC","0.79869717","USDT",""
"10/16/2023 20:56:56","0.00373100000000000000","BTC","105.77379218000000000000","USDT","0.00000187","BTC",""
"10/16/2023 21:11:11","56.91262500000000000000","USDT","0.00197100000000000000","BTC","0.02845632","USDT",""
"10/17/2023 01:42:29","0.00175200000000000000","BTC","49.60350000000000000000","USDT","0.00000088","BTC",""
"10/17/2023 17:17:37","56.00925000000000000000","USDT","0.00197100000000000000","BTC","0.02800462","USDT",""
"10/18/2023 02:39:26","0.00131400000000000000","BTC","37.38822531000000000000","USDT","0.00000066","BTC",""
"10/18/2023 19:12:02","50.01412500000000000000","USDT","0.00175200000000000000","BTC","0.02500706","USDT",""
"10/19/2023 00:51:24","0.00131800000000000000","BTC","37.64560508000000000000","USDT","0.00000066","BTC",""
"10/19/2023 21:34:38","37.69537500000000000000","USDT","0.00131400000000000000","BTC","0.01884770","USDT",""
"10/20/2023 00:03:36","0.00538700000000000000","BTC","159.00928473000000000000","USDT","0.00000273","BTC",""
"10/20/2023 12:24:14","192.81359957000000000000","USDT","0.00648700000000000000","BTC","0.09640682","USDT",""
"10/20/2023 12:56:25","0.00200000000000000000","BTC","59.00721000000000000000","USDT","0.01180148","USDT",""
"10/20/2023 16:00:05","0.006257293738499636","USDT","","","0","",""
"10/20/2023 23:38:32","165.38601000000000000000","USDT","0.00560000000000000000","BTC","0.06405609","USDT",""
"10/21/2023 00:00:03","","","0.000337594070414087","USDT","0","",""
"10/21/2023 03:38:21","0.00410000000000000000","BTC","122.12407000000000000000","USDT","0.05928590","USDT",""
"10/21/2023 07:02:51","14.81298000000000000000","USDT","0.00050000000000000000","BTC","0.00296260","USDT",""
"10/21/2023 08:00:05","0.004739417728040518","USDT","","","0","",""
"10/21/2023 17:54:03","288.53156000000000000000","USDT","0.00960000000000000000","BTC","0.14426578","USDT",""
"10/21/2023 17:55:50","0.00960000000000000000","BTC","289.11360000000000000000","USDT","0.14455680","USDT",""
"10/21/2023 18:23:19","0.00260000000000000000","BTC","78.66715000000000000000","USDT","0.03843286","USDT",""
"10/21/2023 18:31:40","78.20331000000000000000","USDT","0.00260000000000000000","BTC","0.03638896","USDT",""
"10/21/2023 19:38:59","0.00060000000000000000","BTC","17.91760000000000000000","USDT","0.00358352","USDT",""
"10/21/2023 23:37:40","87.31326000000000000000","USDT","0.00290000000000000000","BTC","0.03914776","USDT",""
"10/22/2023 00:00:06","0.002574765645107248","USDT","","","0","",""
"10/22/2023 00:15:07","0.00140000000000000000","BTC","41.88400000000000000000","USDT","0.00837680","USDT",""
"10/22/2023 08:00:06","0.00246924600373608","USDT","","","0","",""
"10/22/2023 16:00:05","0.002359381588725","USDT","","","0","",""
"10/22/2023 23:03:43","47.96800000000000000000","USDT","0.00160000000000000000","BTC","0.00959360","USDT",""
"10/23/2023 00:00:05","0.00537898751093","USDT","","","0","",""
"10/23/2023 00:48:58","0.00270000000000000000","BTC","82.13085000000000000000","USDT","0.03926135","USDT",""
"10/23/2023 01:24:18","6.03120000000000000000","USDT","0.00020000000000000000","BTC","0.00120624","USDT",""
"10/23/2023 17:24:37","0.00250000000000000000","BTC","77.96321000000000000000","USDT","0.02492225","USDT",""
"10/23/2023 17:26:04","0.00340000000000000000","BTC","109.45882000000000000000","USDT","0.04067002","USDT",""
"10/23/2023 21:09:13","78.51196000000000000000","USDT","0.00250000000000000000","BTC","0.01570241","USDT",""
"10/23/2023 21:09:14","106.42866000000000000000","USDT","0.00340000000000000000","BTC","0.02966079","USDT",""
"10/24/2023 06:24:43","0.00240000000000000000","BTC","81.40396000000000000000","USDT","0.03460661","USDT",""
"10/24/2023 06:24:55","0.00230000000000000000","BTC","77.92546000000000000000","USDT","0.03083716","USDT",""
"10/24/2023 07:27:16","81.13968000000000000000","USDT","0.00240000000000000000","BTC","0.03547428","USDT",""
"10/24/2023 07:27:24","78.07320000000000000000","USDT","0.00230000000000000000","BTC","0.03190579","USDT",""
"10/24/2023 17:55:59","0.00600000000000000000","BTC","202.76328000000000000000","USDT","0.08322774","USDT",""
"10/24/2023 17:56:09","0.00960000000000000000","BTC","324.27744000000000000000","USDT","0.06485549","USDT",""
"10/24/2023 18:22:23","200.42922000000000000000","USDT","0.00600000000000000000","BTC","0.09718138","USDT",""
"10/24/2023 19:13:00","0.00218300000000000000","BTC","73.75800335000000000000","USDT","0.00000109","BTC",""
"10/24/2023 23:42:11","498.14478000000000000000","USDT","0.01470000000000000000","BTC","0.14535894","USDT",""
"10/25/2023 00:00:04","0.015264585","USDT","","","0","",""
"10/25/2023 00:47:22","0.01050000000000000000","BTC","360.54516000000000000000","USDT","0.13130889","USDT",""
"10/25/2023 04:23:59","0.00658079000000000000","BTC","226.09976231600000000000","USDT","0.00000329","BTC",""
"10/25/2023 08:00:04","0.0142189925724","USDT","","","0","",""
"10/25/2023 09:58:39","183.93915000000000000000","USDT","0.00540000000000000000","BTC","0.03678784","USDT",""
"10/25/2023 14:23:11","225.12853102000000000000","USDT","0.00657700000000000000","BTC","0.11256427","USDT",""
"10/25/2023 16:00:07","0.019857204","USDT","","","0","",""
"10/25/2023 18:50:04","0.00080000000000000000","BTC","27.63783000000000000000","USDT","0.01278051","USDT",""
"10/25/2023 21:12:05","27.77163000000000000000","USDT","0.00080000000000000000","BTC","0.01076272","USDT",""
"10/25/2023 21:15:03","0.00144100000000000000","BTC","49.61645556000000000000","USDT","0.00000079","BTC",""
"10/25/2023 23:05:00","8.47666155000000000000","USDT","0.00024500000000000000","BTC","0.00423833","USDT",""
"10/26/2023 00:25:13","0.00105000000000000000","BTC","35.91852390000000000000","USDT","0.00000060","BTC",""
"10/26/2023 21:31:38","38.40093705000000000000","USDT","0.00112000000000000000","BTC","0.01920047","USDT",""
"10/27/2023 02:11:55","0.00056000000000000000","BTC","18.97126875000000000000","USDT","0.00000032","BTC",""
"10/27/2023 20:46:37","29.68666925000000000000","USDT","0.00087500000000000000","BTC","0.01484332","USDT",""
"10/28/2023 02:51:53","0.00038500000000000000","BTC","13.11632210000000000000","USDT","0.00000022","BTC",""
"10/28/2023 20:00:06","10.76463465000000000000","USDT","0.00031500000000000000","BTC","0.00538231","USDT",""
"10/29/2023 11:27:36","0.00045500000000000000","BTC","15.67735645000000000000","USDT","0.00000026","BTC",""
"10/29/2023 23:49:43","14.49241115000000000000","USDT","0.00042000000000000000","BTC","0.00724621","USDT",""
"10/30/2023 00:02:08","0.00014000000000000000","BTC","4.81866770000000000000","USDT","0.00000008","BTC",""
"10/30/2023 07:56:49","0.00700000000000000000","BTC","240.60812000000000000000","USDT","0.07583360","USDT",""
"10/30/2023 08:00:05","","","0.0092339718201","USDT","0","",""
"10/30/2023 12:24:00","36.50538136000000000000","USDT","0.00105300000000000000","BTC","0.01825269","USDT",""
"10/30/2023 16:00:06","","","0.0069329","USDT","0","",""
"10/30/2023 22:02:20","148.65100000000000000000","USDT","0.00430000000000000000","BTC","0.02973020","USDT",""
"10/31/2023 00:00:05","","","0.0079311798334","USDT","0","",""
"10/31/2023 00:38:21","0.00270000000000000000","BTC","92.65650000000000000000","USDT","0.01853130","USDT",""
"10/31/2023 08:00:07","","","0.0095621294608","USDT","0","",""
"10/31/2023 16:00:07","","","0.0092571950763","USDT","0","",""
"10/31/2023 21:02:17","186.02640000000000000000","USDT","0.00540000000000000000","BTC","0.05899950","USDT",""
"10/31/2023 21:06:25","269.91204000000000000000","USDT","0.00780000000000000000","BTC","0.12247526","USDT",""
"10/31/2023 21:20:08","0.00780000000000000000","BTC","269.91762000000000000000","USDT","0.12249747","USDT",""
"10/31/2023 21:42:29","228.10014000000000000000","USDT","0.00660000000000000000","BTC","0.11405007","USDT",""
"10/31/2023 21:42:29","0.00660000000000000000","BTC","227.67072000000000000000","USDT","0.10141280","USDT",""
"10/31/2023 22:02:15","0.00900000000000000000","BTC","310.69194000000000000000","USDT","0.14913912","USDT",""
"10/31/2023 22:03:51","310.38018000000000000000","USDT","0.00900000000000000000","BTC","0.14276293","USDT",""
"10/31/2023 22:37:01","0.00050000000000000000","BTC","17.25665000000000000000","USDT","0.00345134","USDT",""
"10/31/2023 22:49:08","103.67009000000000000000","USDT","0.00300000000000000000","BTC","0.04871788","USDT",""
"11/01/2023 00:00:06","0.010048906","USDT","","","0","",""
"11/01/2023 00:07:44","0.00280000000000000000","BTC","96.35853000000000000000","USDT","0.04506796","USDT",""
"11/01/2023 00:27:05","10.39076000000000000000","USDT","0.00030000000000000000","BTC","0.00207816","USDT",""
"11/01/2023 05:58:19","0.00540000000000000000","BTC","186.16968000000000000000","USDT","0.06084658","USDT",""
"11/01/2023 08:00:07","0.008960276","USDT","","","0","",""
"11/01/2023 14:19:41","186.69576000000000000000","USDT","0.00540000000000000000","BTC","0.06207830","USDT",""
"11/01/2023 16:20:56","0.00300000000000000000","BTC","103.26586000000000000000","USDT","0.04543313","USDT",""
"11/01/2023 18:27:02","103.70674000000000000000","USDT","0.00300000000000000000","BTC","0.04356995","USDT",""
"11/01/2023 20:20:52","0.00480000000000000000","BTC","169.10928000000000000000","USDT","0.03382186","USDT",""
"11/01/2023 23:02:44","294.96222000000000000000","USDT","0.00840000000000000000","BTC","0.08914907","USDT",""
"11/02/2023 00:00:06","0.014529334","USDT","","","0","",""
"11/02/2023 00:07:34","0.00740000000000000000","BTC","259.42827000000000000000","USDT","0.08203108","USDT",""
"11/02/2023 05:22:45","77.11748754000000000000","USDT","0.00218300000000000000","BTC","0.03855874","USDT",""
"11/02/2023 08:00:06","0.0134076544788","USDT","","","0","",""
"11/02/2023 15:07:06","134.23641000000000000000","USDT","0.00380000000000000000","BTC","0.02684731","USDT",""
"11/02/2023 15:32:24","0.00220000000000000000","BTC","76.12273000000000000000","USDT","0.03702057","USDT",""
"11/02/2023 15:56:16","76.29929000000000000000","USDT","0.00220000000000000000","BTC","0.03606606","USDT",""
"11/02/2023 16:00:51","0.00310000000000000000","BTC","107.32133000000000000000","USDT","0.04226267","USDT",""
"11/02/2023 18:36:26","107.77500000000000000000","USDT","0.00310000000000000000","BTC","0.04038043","USDT",""
"11/02/2023 19:07:39","0.00380000000000000000","BTC","132.04742000000000000000","USDT","0.05765830","USDT",""
"11/02/2023 21:41:42","132.48445000000000000000","USDT","0.00380000000000000000","BTC","0.05995031","USDT",""
"11/03/2023 05:18:17","0.00250000000000000000","BTC","86.08790000000000000000","USDT","0.04201098","USDT",""
"11/03/2023 06:37:27","86.28846000000000000000","USDT","0.00250000000000000000","BTC","0.04003746","USDT",""
"11/03/2023 08:51:55","0.00350000000000000000","BTC","120.20473000000000000000","USDT","0.04982944","USDT",""
"11/03/2023 14:23:42","120.85740000000000000000","USDT","0.00350000000000000000","BTC","0.04599246","USDT",""
"11/03/2023 18:15:39","0.00250000000000000000","BTC","85.93600000000000000000","USDT","0.04296800","USDT",""
"11/03/2023 18:29:19","86.39787000000000000000","USDT","0.00250000000000000000","BTC","0.04009412","USDT",""
"11/03/2023 18:33:38","0.00050000000000000000","BTC","17.28289000000000000000","USDT","0.00345659","USDT",""
"11/03/2023 21:57:51","142.08163000000000000000","USDT","0.00410000000000000000","BTC","0.05744083","USDT",""
"11/04/2023 00:00:07","0.010410604407","USDT","","","0","",""
"11/04/2023 01:12:55","0.00190000000000000000","BTC","66.20045000000000000000","USDT","0.01324006","USDT",""
"11/04/2023 08:00:07","0.010775321","USDT","","","0","",""
"11/04/2023 16:00:07","0.01041297","USDT","","","0","",""
"11/04/2023 23:00:37","59.20239000000000000000","USDT","0.00170000000000000000","BTC","0.01184045","USDT",""
"11/05/2023 00:00:07","0.0122747140635","USDT","","","0","",""
"11/05/2023 01:57:29","0.00360000000000000000","BTC","126.37545000000000000000","USDT","0.06213807","USDT",""
"11/05/2023 02:17:27","7.01102000000000000000","USDT","0.00020000000000000000","BTC","0.00140220","USDT",""
"11/05/2023 05:37:40","0.00930000000000000000","BTC","325.83340000000000000000","USDT","0.09051627","USDT",""
"11/05/2023 08:00:08","","","0.008793719155","USDT","0","",""
"11/05/2023 16:00:08","","","0.01116608","USDT","0","",""
"11/05/2023 23:04:10","326.55307000000000000000","USDT","0.00930000000000000000","BTC","0.08655292","USDT",""
"11/05/2023 23:10:58","0.00450000000000000000","BTC","157.90822000000000000000","USDT","0.05695879","USDT",""
"11/05/2023 23:45:45","31.67383000000000000000","USDT","0.00090000000000000000","BTC","0.00633475","USDT",""
"11/06/2023 00:00:06","","","0.009807168","USDT","0","",""
"11/06/2023 00:16:07","0.00850000000000000000","BTC","297.60159000000000000000","USDT","0.05952034","USDT",""
"11/06/2023 08:00:05","","","0.011173888","USDT","0","",""
"11/06/2023 16:00:05","","","0.0094748779593","USDT","0","",""
"11/06/2023 23:18:12","297.94858000000000000000","USDT","0.00850000000000000000","BTC","0.05958975","USDT",""
"11/07/2023 00:00:05","","","0.009816072","USDT","0","",""
"11/07/2023 00:36:33","0.00550000000000000000","BTC","191.29147000000000000000","USDT","0.03825828","USDT",""
"11/07/2023 08:00:08","","","0.010833632","USDT","0","",""
"11/07/2023 16:00:08","","","0.012849430411","USDT","0","",""
"11/07/2023 18:12:30","317.98327000000000000000","USDT","0.00910000000000000000","BTC","0.08796002","USDT",""
"11/07/2023 18:30:08","0.00300000000000000000","BTC","106.34511000000000000000","USDT","0.02126904","USDT",""
"11/07/2023 23:00:52","236.76622000000000000000","USDT","0.00670000000000000000","BTC","0.08641089","USDT",""
"11/08/2023 00:00:08","0.01416292","USDT","","","0","",""
"11/08/2023 01:01:45","0.00460000000000000000","BTC","161.80269000000000000000","USDT","0.07031466","USDT",""
"11/08/2023 08:00:07","0.01339101","USDT","","","0","",""
"11/08/2023 13:17:06","31.81038000000000000000","USDT","0.00090000000000000000","BTC","0.00636207","USDT",""
"11/08/2023 15:42:13","0.00240000000000000000","BTC","84.48802000000000000000","USDT","0.04224407","USDT",""
"11/08/2023 16:00:08","","","0.008455512","USDT","0","",""
"11/08/2023 16:43:19","84.96256000000000000000","USDT","0.00240000000000000000","BTC","0.03824259","USDT",""
"11/08/2023 20:00:34","0.00280000000000000000","BTC","99.44213000000000000000","USDT","0.03689838","USDT",""
"11/08/2023 21:05:07","99.87760000000000000000","USDT","0.00280000000000000000","BTC","0.04029586","USDT",""
"11/09/2023 09:31:41","0.00720000000000000000","BTC","269.66294000000000000000","USDT","0.10940228","USDT",""
"11/09/2023 14:03:25","264.95884000000000000000","USDT","0.00720000000000000000","BTC","0.09142991","USDT",""
"11/09/2023 23:02:43","0.00080000000000000000","BTC","29.25645000000000000000","USDT","0.00585128","USDT",""
"11/09/2023 23:58:18","106.92150000000000000000","USDT","0.00290000000000000000","BTC","0.03124998","USDT",""
"11/10/2023 00:00:06","0.005192318612385677","USDT","","","0","",""
"11/10/2023 00:07:43","0.00910000000000000000","BTC","337.01436000000000000000","USDT","0.06740280","USDT",""
"11/10/2023 08:00:03","0.0029183800064","USDT","","","0","",""
"11/10/2023 16:00:05","0.006676668","USDT","","","0","",""
"11/10/2023 23:59:43","311.24454000000000000000","USDT","0.00840000000000000000","BTC","0.06224887","USDT",""
"11/11/2023 00:00:05","0.0082113486356","USDT","","","0","",""
"11/11/2023 00:05:52","0.00430000000000000000","BTC","159.06399000000000000000","USDT","0.04616868","USDT",""
"11/11/2023 08:00:05","0.009273023201442","USDT","","","0","",""
"11/11/2023 16:00:03","0.010785857544","USDT","","","0","",""
"11/11/2023 22:11:28","107.65495000000000000000","USDT","0.00290000000000000000","BTC","0.02153097","USDT",""
"11/11/2023 22:24:34","0.00240000000000000000","BTC","88.56811000000000000000","USDT","0.03431503","USDT",""
"11/11/2023 23:11:29","25.91507000000000000000","USDT","0.00070000000000000000","BTC","0.00518302","USDT",""
"11/12/2023 00:00:07","","","0.00550763132776","USDT","0","",""
"11/12/2023 00:32:52","0.00050000000000000000","BTC","18.46528000000000000000","USDT","0.00369306","USDT",""
"11/12/2023 06:36:36","81.57630000000000000000","USDT","0.00220000000000000000","BTC","0.02858419","USDT",""
"11/12/2023 06:46:32","0.00680000000000000000","BTC","248.36454000000000000000","USDT","0.05858621","USDT",""
"11/12/2023 08:00:06","","","0.00652608135641","USDT","0","",""
"11/12/2023 16:00:05","","","0.006747290391312","USDT","0","",""
"11/12/2023 23:35:31","100.40497000000000000000","USDT","0.00270000000000000000","BTC","0.02008103","USDT",""
"11/13/2023 00:00:08","","","0.011283333970549982","USDT","0","",""
"11/13/2023 00:12:42","0.00990000000000000000","BTC","364.47622000000000000000","USDT","0.07289526","USDT",""
"11/13/2023 08:00:06","","","0.005474501555988973","USDT","0","",""
"11/13/2023 16:00:08","","","0.009278429855311008","USDT","0","",""
"11/13/2023 23:57:49","353.43749000000000000000","USDT","0.00960000000000000000","BTC","0.07068743","USDT",""
"11/14/2023 00:00:08","","","0.017050291037766","USDT","0","",""
"11/14/2023 00:12:18","0.01270000000000000000","BTC","460.83461000000000000000","USDT","0.09216691","USDT",""
"11/14/2023 08:00:06","","","0.012229232759436","USDT","0","",""
"11/14/2023 16:00:06","","","0.019322466439880197","USDT","0","",""
"11/14/2023 18:54:22","615.03700000000000000000","USDT","0.01710000000000000000","BTC","0.17565055","USDT",""
"11/14/2023 19:29:56","0.08600000000000000000","ETH","168.74824000000000000000","USDT","0.05149276","USDT",""
"11/14/2023 20:03:25","0.00230000000000000000","BTC","81.36243000000000000000","USDT","0.02898429","USDT",""
"11/14/2023 23:45:58","160.35257000000000000000","USDT","0.00450000000000000000","BTC","0.04478162","USDT",""
"11/14/2023 23:56:22","227.12273000000000000000","USDT","0.11300000000000000000","ETH","0.06257561","USDT",""
"11/15/2023 00:00:03","0.002133726","USDT","","","0","",""
"11/15/2023 00:00:07","0.00059392374","USDT","","","0","",""
"11/15/2023 00:03:49","0.15400000000000000000","ETH","310.97424000000000000000","USDT","0.06342496","USDT",""
"11/15/2023 00:16:09","0.00340000000000000000","BTC","122.76721000000000000000","USDT","0.05068794","USDT",""
"11/15/2023 08:00:06","0.000991885","USDT","","","0","",""
"11/15/2023 08:00:07","0.0028476467232","USDT","","","0","",""
"11/15/2023 09:55:32","42.84470000000000000000","USDT","0.00120000000000000000","BTC","0.00856894","USDT",""
"11/15/2023 16:00:06","0.004246536","USDT","","","0","",""
"11/15/2023 21:42:57","0.01290000000000000000","BTC","483.38739000000000000000","USDT","0.19844840","USDT",""
"11/15/2023 23:46:28","238.94367000000000000000","USDT","0.11800000000000000000","ETH","0.05143015","USDT",""
"11/15/2023 23:52:57","49.15102000000000000000","USDT","0.00130000000000000000","BTC","0.00983021","USDT",""
"11/16/2023 00:00:07","","","0.0333370332944","USDT","0","",""
"11/16/2023 00:00:08","0.00803127","USDT","","","0","",""
"11/16/2023 00:15:14","0.00700000000000000000","BTC","255.92037000000000000000","USDT","0.05118409","USDT",""
"11/16/2023 00:33:37","0.22200000000000000000","ETH","447.31625000000000000000","USDT","0.09008638","USDT",""
"11/16/2023 08:00:07","0.007875774867887586","USDT","","","0","",""
"11/16/2023 08:00:08","","","0.060779208396948","USDT","0","",""
"11/16/2023 16:00:07","0.002195589","USDT","","","0","",""
"11/16/2023 16:00:08","","","0.05698214928","USDT","0","",""
"11/16/2023 23:12:54","536.93450000000000000000","USDT","0.26600000000000000000","ETH","0.11991916","USDT",""
"11/16/2023 23:16:10","326.66758000000000000000","USDT","0.00890000000000000000","BTC","0.06533353","USDT",""
"11/17/2023 00:00:05","","","0.000981065","USDT","0","",""
"11/17/2023 00:00:06","","","0.0390678987456","USDT","0","",""
"11/17/2023 00:22:24","0.13400000000000000000","ETH","261.20042000000000000000","USDT","0.05224006","USDT",""
"11/17/2023 00:23:12","0.00630000000000000000","BTC","228.75119000000000000000","USDT","0.04575021","USDT",""
"11/17/2023 08:00:06","","","0.000197082654","USDT","0","",""
"11/17/2023 08:00:07","","","0.0387880466309","USDT","0","",""
"11/17/2023 16:00:04","","","0.03966666","USDT","0","",""
"11/17/2023 16:00:05","","","0.004797557075","USDT","0","",""
"11/17/2023 23:24:07","273.31080000000000000000","USDT","0.14000000000000000000","ETH","0.05815616","USDT",""
"11/17/2023 23:28:09","211.05321000000000000000","USDT","0.00580000000000000000","BTC","0.04330721","USDT",""
"11/18/2023 00:00:04","","","0.03772066","USDT","0","",""
"11/18/2023 00:00:06","","","0.0009807","USDT","0","",""
"11/18/2023 07:08:12","0.00120000000000000000","BTC","43.76240000000000000000","USDT","0.00875248","USDT",""
"11/18/2023 08:00:05","","","0.038611961422","USDT","0","",""
"11/18/2023 08:00:07","","","0.003292211738","USDT","0","",""
"11/18/2023 08:33:42","0.04400000000000000000","ETH","85.89000000000000000000","USDT","0.01717794","USDT",""
"11/18/2023 16:00:06","","","0.001757809575","USDT","0","",""
"11/18/2023 16:00:06","","","0.03777216","USDT","0","",""
"11/18/2023 22:21:36","47.52519000000000000000","USDT","0.00130000000000000000","BTC","0.00950504","USDT",""
"11/18/2023 22:21:42","97.66706000000000000000","USDT","0.05000000000000000000","ETH","0.01953342","USDT",""
"11/19/2023 00:00:05","","","0.00098156004","USDT","0","",""
"11/19/2023 00:00:07","","","0.0380422938376","USDT","0","",""
"11/19/2023 00:26:27","0.07600000000000000000","ETH","150.04452000000000000000","USDT","0.03000892","USDT",""
"11/19/2023 04:07:19","0.00220000000000000000","BTC","81.10538000000000000000","USDT","0.01622107","USDT",""
"11/19/2023 08:00:06","","","0.037721381","USDT","0","",""
"11/19/2023 08:00:07","","","0.000981164205","USDT","0","",""
"11/19/2023 16:00:04","","","0.0380371612504","USDT","0","",""
"11/19/2023 16:00:07","","","0.000590105202","USDT","0","",""
"11/19/2023 23:53:34","44.29034000000000000000","USDT","0.00120000000000000000","BTC","0.00885809","USDT",""
"11/19/2023 23:54:01","102.61512000000000000000","USDT","0.05200000000000000000","ETH","0.02052298","USDT",""
"11/20/2023 00:00:04","","","0.0351310275276","USDT","0","",""
"11/20/2023 00:00:06","0.003823042288","USDT","","","0","",""
"11/20/2023 00:35:56","0.15200000000000000000","ETH","307.86070000000000000000","USDT","0.06280158","USDT",""
"11/20/2023 00:44:37","0.00590000000000000000","BTC","220.01855000000000000000","USDT","0.04400369","USDT",""
"11/20/2023 08:00:06","","","0.0357692614656","USDT","0","",""
"11/20/2023 08:00:07","0.004241769","USDT","","","0","",""
"11/20/2023 16:00:01","","","0.0348563433723","USDT","0","",""
"11/20/2023 16:00:04","0.006333957169","USDT","","","0","",""
"11/20/2023 23:28:40","300.52417000000000000000","USDT","0.14800000000000000000","ETH","0.06737107","USDT",""
"11/20/2023 23:59:13","213.00181000000000000000","USDT","0.00570000000000000000","BTC","0.04370590","USDT",""
"11/21/2023 00:00:01","","","0.0348428051856","USDT","0","",""
"11/21/2023 00:00:04","0.004651646247","USDT","","","0","",""
"11/21/2023 00:05:38","0.17600000000000000000","ETH","348.93590000000000000000","USDT","0.06978710","USDT",""
"11/21/2023 01:30:55","0.00670000000000000000","BTC","246.65155000000000000000","USDT","0.04933028","USDT",""
"11/21/2023 08:00:03","","","0.035430915","USDT","0","",""
"11/21/2023 08:00:04","0.00300730629","USDT","","","0","",""
"11/21/2023 16:00:02","","","0.0366144662862","USDT","0","",""
"11/21/2023 16:00:03","0.00139225002","USDT","","","0","",""
"11/21/2023 23:57:17","320.54486000000000000000","USDT","0.00870000000000000000","BTC","0.06521120","USDT",""
"11/21/2023 23:59:50","429.05645000000000000000","USDT","0.21600000000000000000","ETH","0.09586470","USDT",""
"11/22/2023 00:00:01","","","0.0403974646536","USDT","0","",""
"11/22/2023 00:00:04","","","0.003286899","USDT","0","",""
"11/22/2023 00:15:17","0.00270000000000000000","BTC","98.75451000000000000000","USDT","0.01975087","USDT",""
"11/22/2023 00:27:22","0.14200000000000000000","ETH","289.78338000000000000000","USDT","0.05917632","USDT",""
"11/22/2023 08:00:03","0.001794691242","USDT","","","0","",""
"11/22/2023 08:00:04","","","0.03826032","USDT","0","",""
"11/22/2023 16:00:03","0.005491746","USDT","","","0","",""
"11/22/2023 16:00:04","","","0.038306422119","USDT","0","",""
"11/22/2023 21:01:00","448.41938000000000000000","USDT","0.01200000000000000000","BTC","0.19237094","USDT",""
"11/22/2023 22:07:47","0.00490000000000000000","BTC","183.64699000000000000000","USDT","0.06385577","USDT",""
"11/22/2023 23:23:41","207.73091000000000000000","USDT","0.00550000000000000000","BTC","0.07093300","USDT",""
"11/22/2023 23:59:11","257.66136000000000000000","USDT","0.12600000000000000000","ETH","0.05153230","USDT",""
"11/23/2023 00:00:01","","","0.0014964372788","USDT","0","",""
"11/23/2023 00:00:03","0.008461956011","USDT","","","0","",""
"11/23/2023 00:11:47","0.00380000000000000000","BTC","141.69830000000000000000","USDT","0.02833968","USDT",""
"11/23/2023 01:13:24","0.08400000000000000000","ETH","172.98378000000000000000","USDT","0.03459680","USDT",""
"11/23/2023 08:00:02","","","0.002242716","USDT","0","",""
"11/23/2023 08:00:04","0.008472486","USDT","","","0","",""
"11/23/2023 16:00:03","0.006331347","USDT","","","0","",""
"11/23/2023 16:00:04","","","0.005912656","USDT","0","",""
"11/23/2023 23:27:33","173.36437000000000000000","USDT","0.08400000000000000000","ETH","0.03713811","USDT",""
"11/23/2023 23:45:32","190.38865000000000000000","USDT","0.00510000000000000000","BTC","0.03807775","USDT",""
"11/24/2023 00:00:03","0.008456435771","USDT","","","0","",""
"11/24/2023 00:00:04","","","0.002983417132","USDT","0","",""
"11/24/2023 00:24:33","0.08600000000000000000","ETH","179.20676000000000000000","USDT","0.03584134","USDT",""
"11/24/2023 01:07:57","0.01090000000000000000","BTC","412.75343000000000000000","USDT","0.11663663","USDT",""
"11/24/2023 08:00:01","","","0.000750558","USDT","0","",""
"11/24/2023 08:00:04","0.010193666","USDT","","","0","",""
"11/24/2023 16:00:03","0.019802495519815","USDT","","","0","",""
"11/24/2023 16:00:04","0.0057333","USDT","","","0","",""
"11/24/2023 17:23:07","341.10380000000000000000","USDT","0.00900000000000000000","BTC","0.09320812","USDT",""
"11/24/2023 23:06:18","154.55602000000000000000","USDT","0.07400000000000000000","ETH","0.03091114","USDT",""
"11/25/2023 00:00:03","0.009781019647","USDT","","","0","",""
"11/25/2023 00:09:27","0.03000000000000000000","ETH","62.31808000000000000000","USDT","0.01246362","USDT",""
"11/25/2023 08:00:02","0.010650754116","USDT","","","0","",""
"11/25/2023 16:00:02","0.009766647","USDT","","","0","",""
"11/25/2023 20:46:43","58.28832000000000000000","USDT","0.02800000000000000000","ETH","0.01165770","USDT",""
"11/26/2023 00:00:04","0.010206399434","USDT","","","0","",""
"11/26/2023 00:43:17","0.07000000000000000000","ETH","144.60632000000000000000","USDT","0.02892124","USDT",""
"11/26/2023 08:00:03","0.011073647326","USDT","","","0","",""
"11/26/2023 16:00:04","0.008465873233","USDT","","","0","",""
"11/26/2023 19:34:41","0.07300000000000000000","ETH","149.06194000000000000000","USDT","0.04764482","USDT",""
"11/26/2023 19:38:56","0.00580000000000000000","BTC","216.22933000000000000000","USDT","0.07682677","USDT",""
"11/26/2023 23:08:56","140.70652000000000000000","USDT","0.06800000000000000000","ETH","0.03062485","USDT",""
"11/26/2023 23:16:26","255.61592000000000000000","USDT","0.00680000000000000000","BTC","0.08808713","USDT",""
"11/26/2023 23:59:12","113.24011000000000000000","USDT","0.05500000000000000000","ETH","0.04171018","USDT",""
"11/27/2023 00:00:03","0.001497516","USDT","","","0","",""
"11/27/2023 00:00:04","0.008454036","USDT","","","0","",""
"11/27/2023 00:00:04","0.001237176","USDT","","","0","",""
"11/27/2023 00:17:09","0.06600000000000000000","ETH","134.28912000000000000000","USDT","0.05242359","USDT",""
"11/27/2023 00:23:05","0.08700000000000000000","ETH","175.71073000000000000000","USDT","0.03514214","USDT",""
"11/27/2023 00:46:03","0.00560000000000000000","BTC","207.23118000000000000000","USDT","0.04144622","USDT",""
"11/27/2023 08:00:03","0.006339857957","USDT","","","0","",""
"11/27/2023 08:00:03","","","0.000409023094","USDT","0","",""
"11/27/2023 10:35:44","79.53346000000000000000","USDT","0.03900000000000000000","ETH","0.02625465","USDT",""
"11/27/2023 16:00:01","","","0.003674630714","USDT","0","",""
"11/27/2023 16:00:04","","","0.003604626","USDT","0","",""
"11/27/2023 20:55:15","237.44172000000000000000","USDT","0.00640000000000000000","BTC","0.04970298","USDT",""
"11/27/2023 22:21:52","212.77097000000000000000","USDT","0.10500000000000000000","ETH","0.04376525","USDT",""
"11/28/2023 00:00:04","","","0.001621984","USDT","0","",""
"11/28/2023 00:22:45","0.07100000000000000000","ETH","144.74779000000000000000","USDT","0.02894944","USDT",""
"11/28/2023 00:29:45","0.00580000000000000000","BTC","219.14067000000000000000","USDT","0.04382819","USDT",""
"11/28/2023 08:00:03","","","0.00148354","USDT","0","",""
"11/28/2023 08:00:04","","","0.002417252148","USDT","0","",""
"11/28/2023 16:00:03","0.001500088","USDT","","","0","",""
"11/28/2023 16:00:04","","","0.00081452","USDT","0","",""
"11/28/2023 23:37:38","148.90593000000000000000","USDT","0.07300000000000000000","ETH","0.02978107","USDT",""
"11/28/2023 23:37:50","241.81126000000000000000","USDT","0.00640000000000000000","BTC","0.04836225","USDT",""
"11/29/2023 00:00:05","0.00453744","USDT","","","0","",""
"11/29/2023 00:31:49","0.05400000000000000000","ETH","110.32902000000000000000","USDT","0.02330711","USDT",""
"11/29/2023 00:54:45","0.00750000000000000000","BTC","284.54862000000000000000","USDT","0.10117659","USDT",""
"11/29/2023 08:00:03","0.000822926932","USDT","","","0","",""
"11/29/2023 08:00:04","0.006857172","USDT","","","0","",""
"11/29/2023 14:48:29","193.68385000000000000000","USDT","0.00510000000000000000","BTC","0.06595279","USDT",""
"11/29/2023 16:00:03","","","0.001218792","USDT","0","",""
"11/29/2023 23:02:06","98.05446000000000000000","USDT","0.04800000000000000000","ETH","0.01961078","USDT",""
"11/30/2023 00:00:04","","","0.001622772392","USDT","0","",""
"11/30/2023 00:24:55","0.04000000000000000000","ETH","81.33162000000000000000","USDT","0.03274567","USDT",""
"11/30/2023 08:00:04","","","0.000814204","USDT","0","",""
"11/30/2023 08:56:04","0.00500000000000000000","BTC","188.17414000000000000000","USDT","0.07150127","USDT",""
"11/30/2023 08:59:17","0.05800000000000000000","ETH","117.77373000000000000000","USDT","0.04118249","USDT",""
"11/30/2023 09:00:38","0.02414852024381325","USDT","0.000000641605","BTC","0","USDT",""
"11/30/2023 11:19:46","89.49975000000000000000","USDT","0.04400000000000000000","ETH","0.03804129","USDT",""
"11/30/2023 16:00:03","","","0.000752278","USDT","0","",""
"11/30/2023 16:00:05","0.000813246376","USDT","","","0","",""
"11/30/2023 23:00:53","272.37311000000000000000","USDT","0.00720000000000000000","BTC","0.08834100","USDT",""
"11/30/2023 23:01:14","175.64600000000000000000","USDT","0.08600000000000000000","ETH","0.05397254","USDT",""
"12/01/2023 00:00:05","0.002462124","USDT","","","0","",""
"12/01/2023 01:30:56","0.05200000000000000000","ETH","108.94377000000000000000","USDT","0.05009813","USDT",""
"12/01/2023 04:28:22","50.17109000000000000000","USDT","0.02400000000000000000","ETH","0.01947062","USDT",""
"12/01/2023 04:29:45","0.00430000000000000000","BTC","166.06089000000000000000","USDT","0.08074443","USDT",""
"12/01/2023 08:00:05","0.0053535962242","USDT","","","0","",""
"12/01/2023 09:18:09","81.06170000000000000000","USDT","0.00210000000000000000","BTC","0.03823942","USDT",""
"12/29/2023 14:48:18","0.06100000000000000000","ETH","140.72594000000000000000","USDT","0.02883981","USDT",""
"12/29/2023 16:00:05","","","0.009952323569955","USDT","0","",""
"12/29/2023 22:54:58","151.55102000000000000000","USDT","0.06500000000000000000","ETH","0.03098968","USDT",""
"12/30/2023 00:00:06","","","0.008858142064863","USDT","0","",""
"12/30/2023 00:23:22","0.04000000000000000000","ETH","91.79725000000000000000","USDT","0.01835939","USDT",""
"12/30/2023 08:00:05","","","0.010035852845489184","USDT","0","",""
"12/30/2023 16:00:06","","","0.006810978523492","USDT","0","",""
"12/30/2023 23:43:08","94.31191000000000000000","USDT","0.04100000000000000000","ETH","0.01886236","USDT",""
"12/31/2023 00:00:06","","","0.007564902261145575","USDT","0","",""
"12/31/2023 00:11:24","0.03600000000000000000","ETH","82.61429000000000000000","USDT","0.01652283","USDT",""
"12/31/2023 08:00:06","","","0.00954922432752","USDT","0","",""
"12/31/2023 16:00:06","","","0.010260144135038","USDT","0","",""
"12/31/2023 23:18:24","89.65867000000000000000","USDT","0.03900000000000000000","ETH","0.01793170","USDT",""
